{
    "eps": 0.01,
    "verbose": 0,
    "verboseMultiHorizon": 1,
    "verboseEssential": 0,
    "scoreFunction": "worstLowerBound",
    "lowerBoundMethod": "lipschitz",
    "virtualBranching": false,
    "numberOfVirtualBranches": 4,
    "maxSearchDepthLipschitzBound": 10,
    "normToUseLipschitz": 2,
    "useTwoNormDilation": false,
    "useSdpForLipschitzCalculation": true,
    "lipschitzSdpSolverVerbose": false,
    "nodeBranchingFactor": 2,
    "branchNodeNum": 512,
    "pgdIterNum": 0,
    "pgdNumberOfInitializations": 1,
    "pgdStepSize": 0.5,
    "finalHorizon": 5,
    "initialGD": false,
    "performMultiStepSingleHorizon": false,
    "plotProjectionsOfHigherDims": true,
    "onlyPcaDirections": true,
    "fullLoop": false,
    "A": [
        [
            0.699999988079071,
            -0.10000000149011612,
            0.0,
            0.0
        ],
        [
            0.20000000298023224,
            -0.5,
            0.10000000149011612,
            0.0
        ],
        [
            0.0,
            0.10000000149011612,
            0.10000000149011612,
            0.0
        ],
        [
            0.5,
            0.0,
            0.5,
            0.5
        ]
    ],
    "B": [
        [
            0.0,
            0.10000000149011612
        ],
        [
            0.10000000149011612,
            1.0
        ],
        [
            0.10000000149011612,
            0.0
        ],
        [
            0.0,
            0.0
        ]
    ],
    "c": [
        0.0,
        0.0,
        0.0,
        0.0
    ],
    "lowerCoordinate": [
        -2.0,
        -2.0,
        -0.699999988079071,
        -0.20000000298023224
    ],
    "upperCoordinate": [
        -1.0,
        -1.0,
        -0.20000000298023224,
        -0.10000000149011612
    ],
    "pathToStateDictionary": "Networks/fourDimV1.0.pth"
}